{
	"meshes":[
	
		{
			"alpha": 1.0,
			"x":3.0,
			"y":0.0,
			"z":-8.0,
			"rotationX":0.0,
			"rotationY":0.0,
			"rotationZ":0.0,
			"scale":1.0,
			"pivotX":0.0,
			"pivotY":0.0,
			"pivotZ":0.0,
			"vertices":[	-0.5, -0.5, 0.5, 
							-0.5, 0.5 , 0.5, 
							0.5	, -0.5 , 0.5, 
							0.5	, 0.5 , 0.5,
							
							-0.5, -0.5, -0.5, 
							-0.5, 0.5 , -0.5, 
							0.5	, -0.5 , -0.5, 
							0.5	, 0.5 , -0.5,
							
							-0.5, -0.5, -0.5, 
							-0.5, 0.5 , -0.5, 
							-0.5, -0.5, 0.5, 
							-0.5, 0.5 , 0.5,
							
							0.5	, -0.5 , -0.5, 
							0.5	, 0.5 , -0.5,
							0.5	, -0.5 , 0.5, 
							0.5	, 0.5 , 0.5,
							
							-0.5, 0.5 , 0.5, 
							-0.5, 0.5 , -0.5, 
							0.5	, 0.5 , 0.5,
							0.5	, 0.5 , -0.5,
							
							-0.5, -0.5, 0.5, 
							-0.5, -0.5, -0.5,
							0.5	, -0.5 , 0.5, 
							0.5	, -0.5 , -0.5
			],
			"uvs":[	0.0 ,0.0, 0.0 ,1.0, 1.0 ,0.0, 1.0 ,1.0,
					0.0 ,0.0, 0.0 ,1.0, 1.0 ,0.0, 1.0 ,1.0,	
					0.0 ,0.0, 0.0 ,1.0, 1.0 ,0.0, 1.0 ,1.0,	
					0.0 ,0.0, 0.0 ,1.0, 1.0 ,0.0, 1.0 ,1.0,	
					0.0 ,0.0, 0.0 ,1.0, 1.0 ,0.0, 1.0 ,1.0,	
					0.0 ,0.0, 0.0 ,1.0, 1.0 ,0.0, 1.0 ,1.0
			],
			"normales":[
						0.0,0.0,1.0, 0.0,0.0,1.0, 0.0,0.0,1.0, 0.0,0.0,1.0,
						0.0,0.0,-1.0, 0.0,0.0,-1.0, 0.0,0.0,-1.0, 0.0,0.0,-1.0,
						-1.0,0.0,0.0, -1.0,0.0,0.0, -1.0,0.0,0.0, -1.0,0.0,0.0,
						1.0,0.0,0.0, 1.0,0.0,0.0, 1.0,0.0,0.0, 1.0,0.0,0.0,
						0.0,1.0,0.0, 0.0,1.0,0.0, 0.0,1.0,0.0, 0.0,1.0,0.0,
						0.0,-1.0,0.0, 0.0,-1.0,0.0, 0.0,-1.0,0.0, 0.0,-1.0,0.0
			],
			"indices":[	0,1,2,1,2,3, 
						4,5,6,5,6,7, 
						8,9,10,9,10,11, 
						12,13,14,13,14,15,
						16,17,18,17,18,19,
						20,21,22,21,22,23
						]
		}
	]
		
}