{
	"meshes":[
	
		{
			"alpha": 1.0,
			"x":0.0,
			"y":0.0,
			"z":0.0,
			"rotationX":0.0,
			"rotationY":0.0,
			"rotationZ":0.0,
			"scale":1.0,
			"pivotX":0.0,
			"pivotY":0.0,
			"pivotZ":0.0,
			"vertices":[	-0.5, -0.5, 0.0, 
							-0.5, 0.5 , 0.0, 
							0.5	, -0.5 , 0.0, 
							0.5	, 0.5 , 0.0 
			],
			"uvs":[	0.0 ,0.0, 
					0.0 ,1.0, 
					1.0 ,0.0, 
					1.0 ,1.0
			],
			"normales":[
						0.0,0.0,1.0,
						0.0,0.0,1.0,
						0.0,0.0,1.0,
						0.0,0.0,1.0
			],
			"indices":[0,1,2,1,2,3]
		}
	]
		
}